﻿pos_x,pos_y,rotation,side,designator,mpn,pack,footprint,value,mount_type
151.0,-70.0,180.0,top,CYD1,,,JST_XH_B2B-XH-A_1x02_P2.50mm_Vertical,1,tht
80.3402,-82.2706,0.0,top,D1,,,D_DO-41_SOD81_P10.16mm_Horizontal,1N5817,tht
68.93,-108.0,90.0,top,J1,,,MX3.0 Connector CANBUS,MX3.0_Connector_CANBUS,tht
171.57,-105.5,-90.0,top,J2,,,MX3.0 Connector CANBUS,MX3.0_Connector_CANBUS,tht
82.75,-120.475,0.0,top,M1,,,JST_XH_B2B-XH-A_1x02_P2.50mm_Vertical,Conn_01x02 Pin1+ Pin2-,tht
92.75,-120.475,0.0,top,M2,,,JST_XH_B2B-XH-A_1x02_P2.50mm_Vertical,Conn_01x02 Pin1+ Pin2-,tht
103.25,-120.475,0.0,top,M3,,,JST_XH_B2B-XH-A_1x02_P2.50mm_Vertical,Conn_01x02 Pin1+ Pin2-,tht
113.75,-120.475,0.0,top,M4,,,JST_XH_B2B-XH-A_1x02_P2.50mm_Vertical,Conn_01x02 Pin1+ Pin2-,tht
124.25,-120.475,0.0,top,M5,,,JST_XH_B2B-XH-A_1x02_P2.50mm_Vertical,Conn_01x02 Pin1+ Pin2-,tht
134.75,-120.475,0.0,top,M6,,,JST_XH_B2B-XH-A_1x02_P2.50mm_Vertical,Conn_01x02 Pin1+ Pin2-,tht
145.25,-120.475,0.0,top,M7,,,JST_XH_B2B-XH-A_1x02_P2.50mm_Vertical,Conn_01x02 Pin1+ Pin2-,tht
155.75,-120.475,0.0,top,M8,,,JST_XH_B2B-XH-A_1x02_P2.50mm_Vertical,Conn_01x02 Pin1+ Pin2-,tht
160.02,-85.112,180.0,top,PS1,,,MP1584_Module,MP1583_Module,tht
82.1,-68.95,0.0,top,SW1,,,JST_XH_B2B-XH-A_1x02_P2.50mm_Vertical,Conn_01x02 Pin1+ Pin2-,tht
91.1,-68.95,0.0,top,SW2,,,JST_XH_B2B-XH-A_1x02_P2.50mm_Vertical,Conn_01x02 Pin1+ Pin2-,tht
100.1,-68.95,0.0,top,SW3,,,JST_XH_B2B-XH-A_1x02_P2.50mm_Vertical,Conn_01x02 Pin1+ Pin2-,tht
109.1,-68.95,0.0,top,SW4,,,JST_XH_B2B-XH-A_1x02_P2.50mm_Vertical,Conn_01x02 Pin1+ Pin2-,tht
69.18,-94.78,90.0,top,U1,,,RaspberryPi_Pico_Common_THT,Pico,tht
125.165,-93.25,90.0,top,U2,,,CJMCU-1051_TJA1051_CAN_Transceiver,CJMCU-1051_TJA1051_CAN_Transceiver,tht
90.85,-107.0,90.0,top,U3,,,DRV8833_Module,~,tht
110.65,-107.0,90.0,top,U4,,,DRV8833_Module,~,tht
130.65,-107.0,90.0,top,U5,,,DRV8833_Module,~,tht
150.0,-107.0,90.0,top,U6,,,DRV8833_Module,~,tht
