﻿Designator,Quantity,Value,Footprint,Package,MPN,DNP,Mount_Type,Description
CYD1,1,1,JST_XH_B2B-XH-A_1x02_P2.50mm_Vertical,,,,tht,"Generic connector, single row, 01x02, script generated (kicad-library-utils/schlib/autogen/connector/)"
D1,1,1N5817,D_DO-41_SOD81_P10.16mm_Horizontal,,,,tht,"20V 1A Schottky Barrier Rectifier Diode, DO-41"
"J1, J2",2,MX3.0_Connector_CANBUS,MX3.0 Connector CANBUS,,,,tht,
"M1, M2, M3, M4, M5, M6, M7, M8, SW1, SW2, SW3, SW4",12,Conn_01x02 Pin1+ Pin2-,JST_XH_B2B-XH-A_1x02_P2.50mm_Vertical,,,,tht,"Generic connector, single row, 01x02, script generated (kicad-library-utils/schlib/autogen/connector/)"
PS1,1,MP1583_Module,MP1584_Module,,,,tht,
U1,1,Pico,RaspberryPi_Pico_Common_THT,,,,tht,
U2,1,CJMCU-1051_TJA1051_CAN_Transceiver,CJMCU-1051_TJA1051_CAN_Transceiver,,,,tht,CJMCU-1051
"U3, U4, U5, U6",4,~,DRV8833_Module,,,,tht,
